<rts.PhysicalGameState width="8" height="8">
  <terrain>0000000000000000000000000000000000000000000000000000000000000000</terrain>
  <players>
    <rts.Player ID="0" resources="5">
    </rts.Player>
    <rts.Player ID="1" resources="5">
    </rts.Player>
  </players>
  <units>
    <rts.units.Unit type="Resource" ID="24" player="-1" x="0" y="0" resources="10" hitpoints="1" >
    </rts.units.Unit>
    <rts.units.Unit type="Resource" ID="25" player="-1" x="7" y="7" resources="10" hitpoints="1" >
    </rts.units.Unit>
    <rts.units.Unit type="Base" ID="26" player="0" x="2" y="1" resources="0" hitpoints="10" >
    </rts.units.Unit>
    <rts.units.Unit type="Base" ID="27" player="1" x="5" y="6" resources="0" hitpoints="10" >
    </rts.units.Unit>
    <rts.units.Unit type="Worker" ID="28" player="0" x="1" y="1" resources="0" hitpoints="1" >
    </rts.units.Unit>
    <rts.units.Unit type="Worker" ID="29" player="1" x="6" y="6" resources="0" hitpoints="1" >
    </rts.units.Unit>
    <rts.units.Unit type="Barracks" ID="30" player="0" x="4" y="0" resources="0" hitpoints="4" >
    </rts.units.Unit>
    <rts.units.Unit type="Barracks" ID="31" player="1" x="3" y="7" resources="0" hitpoints="4" >
    </rts.units.Unit>
  </units>
</rts.PhysicalGameState>
