<rts.PhysicalGameState width="8" height="8">
  <terrain>0000000000000000000000000000000000000000000000000000000000000000</terrain>
  <players>
    <rts.Player ID="0" resources="0">
    </rts.Player>
    <rts.Player ID="1" resources="0">
    </rts.Player>
  </players>
  <units>
    <rts.units.Unit type="Light" ID="52" player="0" x="2" y="0" resources="0" hitpoints="4" >
    </rts.units.Unit>
    <rts.units.Unit type="Light" ID="53" player="0" x="2" y="1" resources="0" hitpoints="4" >
    </rts.units.Unit>
    <rts.units.Unit type="Heavy" ID="54" player="0" x="1" y="0" resources="0" hitpoints="4" >
    </rts.units.Unit>
    <rts.units.Unit type="Heavy" ID="55" player="0" x="1" y="1" resources="0" hitpoints="4" >
    </rts.units.Unit>
    <rts.units.Unit type="Ranged" ID="56" player="0" x="0" y="0" resources="0" hitpoints="1" >
    </rts.units.Unit>
    <rts.units.Unit type="Ranged" ID="57" player="0" x="0" y="1" resources="0" hitpoints="1" >
    </rts.units.Unit>
    <rts.units.Unit type="Light" ID="58" player="1" x="5" y="6" resources="0" hitpoints="4" >
    </rts.units.Unit>
    <rts.units.Unit type="Light" ID="59" player="1" x="5" y="7" resources="0" hitpoints="4" >
    </rts.units.Unit>
    <rts.units.Unit type="Heavy" ID="60" player="1" x="6" y="6" resources="0" hitpoints="4" >
    </rts.units.Unit>
    <rts.units.Unit type="Heavy" ID="61" player="1" x="6" y="7" resources="0" hitpoints="4" >
    </rts.units.Unit>
    <rts.units.Unit type="Ranged" ID="62" player="1" x="7" y="6" resources="0" hitpoints="1" >
    </rts.units.Unit>
    <rts.units.Unit type="Ranged" ID="63" player="1" x="7" y="7" resources="0" hitpoints="1" >
    </rts.units.Unit>
  </units>
</rts.PhysicalGameState>
